Order_id,Name,Address ,City ,State,Pincode
32246NG,Immanuel Calhoun,"9 Honeysuckle Close, Crowthorne"",RG45 6TR",Chennai,Tamilnadu,600006
33588WD,Elaina Black,"50 Upjohn Crescent, Bristol,BS13 0NG",Delhi,New delhi,110025
95776XT,Georgia Gregory,"15 Glasgow Street, Hull,HU3 3QU",Delhi,New delhi,110076
39050BL,Gerardo Carrillo,"Amber Cottage, Thoresby Road, Tetney,DN36 5JR",Karnatka,Banglore,560076
83860JO,Micaela Novak,"6 Shearwater Road, Lincoln,LN6 0XX",Mumbai,Maharashtra,400012
32864GL,Enzo Miller,"Ivy Cottage, Tower Nook, Upholland,WN8 0DR",Mumbai,Maharashtra,400056
17674IT,Joanna Zavala,"15 Chambers Way, Wokingham,RG40 5AL",Uttarpradesh,Lucknow,226014
27923YJ,Iris Wall,"East Side Cottage, Heath Road, Hempstead,NR12 0SH",Banglore,Banglore,560017
80731DT,Pierre Lang,"Hotchin House, Thorpe Road, Tattershall Thorpe,LN4 4PE",Delhi,Saket,110017
90889XG,Alina Stout,"12 Chirk Way, Wirral,CH46 0PT",Banglore,Banglore,560055
56364UL,Zaniyah Cline,"Flat 22, Hunter House, Hunter Street, London,WC1N 1BE",Mumbai,Maharashtra,411001
71927HX,Alani Montgomery,"156 Carisbrooke Road, Bootle,L20 9NP",Vellore,Tamilnadu,632004
66763BL,Angie Odom,"18 Foxglade, Lowestoft,NR32 3JJ",Gorimedu,Puducherry,605006
62455JR,Howard Coleman,"Norreys, Heath Lane, Crondall,GU10 5PA",Telangana,Hyderabad,500081
44148XN,Kyler Greene,"61 Newbold Road, Barlestone,CV13 0DY",Faridabad,Faridabad,201301
30648RF,Gabriel Oneal,"Bourne Farm, Bourne Lane, Plaxtol,TN15 0RE",Chandigargh,Chandigarh,160012
81762FQ,Jason Ochoa,"33 Lintin Close, Bratton,TF5 0DS",Delhi,New delhi,110024
76249MG,Londyn Glass,"39 Wymans Lane, Swindon Village,GL51 9QH",Haryana,Gurgoan,122001
34566OR,Beatrice Conner,"East Nethercote Farm, Winsford,TA24 7HZ",Mumbai,Maharashtra,400012
28404MI,Ibrahim Brewer,"26 Carbeile Road, Torpoint,PL11 2HP",Mumbai,Maharashtra,400053
96167IC,Jan Fischer,"Prospect Hill Farm, Frensham Lane, Headley,GU35 8SZ",Uttarpradesh,Lucknow,226001
38740ZJ,Dorian Powell,"34A Fellowes Way, Stevenage,SG2 8BW",Karnatka,Banglore,560099
32372GO,Haylee Carpenter,"63 Vicarage Road, Ware,SG12 7BE",Andhra pradesh,Andhra pradesh,506001
90902TG,Casey Rivers,"Apartment 19, Station Apartments, 36 Station Road, Crossgates,LS15 7JY",Delhi,New delhi,110060
30330CR,Eden Hale,"8 Swift House, Market Place, Wokingham,RG40 1AP",Mumbai,Maharashtra,400016
64371EU,Desirae Sharp,"4 Orchard Terrace, Lynton,EX35 6AL",Delhi,New delhi,110033
70760HR,Niko Walls,"67 Queens Drive, Sevenoaks,TN14 5DB",Delhi,New delhi,110015
20285QB,Ricky Graves,"18 Longmeadow Rise, Keelby,DN41 8EY",Haryana,Gurgaon,122002
94065FM,Riya Parks,"16 Dickens Road, Barnard Castle,DL12 8HJ",Delhi,New delhi,110064
94345XX,Clayton Mcknight,"Flat 10, Millington Court, Mill Lane, Uckfield,TN22 5AZ",Chennai,Tamilnadu,600006
93327ZG,Levi Farmer,"55 Railway Terrace, Kings Langley,WD4 8JB",Delhi,New delhi,110025
41837JZ,Gaven Hensley,"6 Kendal Rise, Leeds,LS3 1NW",Delhi,New delhi,110076
33151ZN,Marcelo Stokes,"1 Fern Cottage, Fownhope,HR1 4PG",Karnatka,Banglore,560076
84731MN,Johnathon Steele,"48 Westbourne Avenue, Clevedon,BS21 7XZ",Mumbai,Maharashtra,400012
71782YH,Theresa Escobar,"20 Nansen Street, Stretford,M32 0JG",Mumbai,Maharashtra,400056
40466NI,Kimberly Strickland,"Flat 53, Riverside Apartments, Goodchild Road, London,N4 2BA",Uttarpradesh,Lucknow,226014
58327VI,Anthony Benjamin,"43 Beechwood Avenue, Richmond,TW9 4DD",Banglore,Banglore,560017
98959TR,Kamron Griffin,"53 Malvern Way, Hemel Hempstead,HP2 5RA",Delhi,Saket,110017
84506QR,Kaila Mckay,"Flat 8, Great Eastern Court, Woodberry Way, Walton On The Naze,CO14 8DD",Banglore,Banglore,560055
66530TO,Litzy Preston,"The Long House, Scarrowmanwick, Croglin,CA4 9SE",Mumbai,Maharashtra,411001
31088IK,Anya Hardy,"12 Allenby Close, Poole,BH17 7JW",Vellore,Tamilnadu,632004
24796BN,Johan Clarke,"Flat 9 Block F, Peabody Buildings, Herbrand Street, London,WC1N 1JF",Gorimedu,Puducherry,605006
63907LU,Lucas Rowe,"63 London Road, London,E13 0DF",Telangana,Hyderabad,500081
79967KN,Yadiel Miller,"15 Ash Grove, London,N13 5AB",Faridabad,Faridabad,201301
70334BX,Romeo Reyes,"6 Severn Court, Andover,SP10 5EU",Chandigargh,Chandigarh,160012
21575FS,Roger Crane,"16A Church Street, Clowne,S43 4JS",Delhi,New delhi,110024
84708ZD,Adrianna Ballard,"22 Falcons Way, Shrewsbury,SY3 8ZE",Haryana,Gurgoan,122001
58880PE,Ryker Davidson,"28 The Sycamores, Basildon,SS13 2ET",Chennai,Tamilnadu,600006
90551XK,Ricky Peters,"285 Bolton Road, Radcliffe,M26 3QP",Delhi,New delhi,110025
,Jazlene Murillo,"1 Ogwen Close, Leicester,LE5 2EY",Delhi,New delhi,110076
,Camila Suarez,,,,
