Subscription_end_date,Order_id,Name,Address ,City ,State,Pincode
15-09-2020,38594LZ,Saniyah Liu,"Address,Postcode",Chennai,Tamilnadu,600006
04-05-2020,97646EQ,Beckham Bradford,"9 Honeysuckle Close, Crowthorne,RG45 6TR",Delhi,New delhi,110025
23-03-2021,97345UO,Carolina Erickson,"50 Upjohn Crescent, Bristol,BS13 0NG",Delhi,New delhi,110076
19-03-2020,53555UI,Linda Adams,"15 Glasgow Street, Hull,HU3 3QU",Karnatka,Banglore,560076
04-11-2020,93775EI,Nasir Rowland,"Amber Cottage, Thoresby Road, Tetney,DN36 5JR",Mumbai,Maharashtra,400012
15-10-2020,98394QC,Kristina Andrade,"6 Shearwater Road, Lincoln,LN6 0XX",Mumbai,Maharashtra,400056
31-10-2020,59622YD,Roy Wilcox,"Ivy Cottage, Tower Nook, Upholland,WN8 0DR",Uttarpradesh,Lucknow,226014
07-06-2020,65507QH,Gordon Brewer,"15 Chambers Way, Wokingham,RG40 5AL",Banglore,Banglore,560017
19-03-2020,91510QR,Royce Boyd,"East Side Cottage, Heath Road, Hempstead,NR12 0SH",Delhi,Saket,110017
27-09-2020,66952IU,Kyra Hanson,"Hotchin House, Thorpe Road, Tattershall Thorpe,LN4 4PE",Banglore,Banglore,560055
22-05-2020,21226PR,Cara Hodges,"12 Chirk Way, Wirral,CH46 0PT",Mumbai,Maharashtra,411001
23-09-2020,84073OM,Livia Montoya,"Flat 22, Hunter House, Hunter Street, London,WC1N 1BE",Vellore,Tamilnadu,632004
01-09-2020,11670KJ,Cooper Hickman,"156 Carisbrooke Road, Bootle,L20 9NP",Gorimedu,Puducherry,605006
21-11-2020,35747BO,Elena Mcguire,"18 Foxglade, Lowestoft,NR32 3JJ",Telangana,Hyderabad,500081
21-06-2020,99899YC,Camren Mcconnell,"Norreys, Heath Lane, Crondall,GU10 5PA",Faridabad,Faridabad,201301
30-06-2020,23939DI,Teagan Livingston,"61 Newbold Road, Barlestone,CV13 0DY",Chandigargh,Chandigarh,160012
22-05-2020,92531AJ,Rodney Kirk,"Bourne Farm, Bourne Lane, Plaxtol,TN15 0RE",Delhi,New delhi,110024
30-01-2020,34148VB,Lina Hodge,"33 Lintin Close, Bratton,TF5 0DS",Haryana,Gurgoan,122001
18-03-2021,33228GT,Ben Small,"39 Wymans Lane, Swindon Village,GL51 9QH",Mumbai,Maharashtra,400012
16-02-2021,39901AH,Andy Marquez,"East Nethercote Farm, Winsford,TA24 7HZ",Mumbai,Maharashtra,400053
05-03-2021,23009XA,Chris Robles,"26 Carbeile Road, Torpoint,PL11 2HP",Uttarpradesh,Lucknow,226001
18-05-2021,94324NQ,Gilbert Nixon,"Prospect Hill Farm, Frensham Lane, Headley,GU35 8SZ",Karnatka,Banglore,560099
13-08-2020,70929QO,Derek Zimmerman,"34A Fellowes Way, Stevenage,SG2 8BW",Andhra pradesh,Andhra pradesh,506001
09-01-2020,52199VE,Ben Soto,"63 Vicarage Road, Ware,SG12 7BE",Delhi,New delhi,110060
22-11-2020,38270UV,Xiomara Owen,"Apartment 19, Station Apartments, 36 Station Road, Crossgates,LS15 7JY",Mumbai,Maharashtra,400016
28-05-2021,73464BC,Marc Rasmussen,"8 Swift House, Market Place, Wokingham,RG40 1AP",Delhi,New delhi,110033
02-11-2020,70839IW,Darius Richmond,"4 Orchard Terrace, Lynton,EX35 6AL",Delhi,New delhi,110015
06-12-2020,98071WK,Desirae Dixon,"67 Queens Drive, Sevenoaks,TN14 5DB",Haryana,Gurgaon,122002
16-07-2020,35092AV,Jeremy Phelps,"18 Longmeadow Rise, Keelby,DN41 8EY",Delhi,New delhi,110064
05-02-2020,51439TQ,Cason Leon,"16 Dickens Road, Barnard Castle,DL12 8HJ",Chennai,Tamilnadu,600006
26-06-2020,59095IT,Rowan Forbes,"Flat 10, Millington Court, Mill Lane, Uckfield,TN22 5AZ",Delhi,New delhi,110025
02-08-2020,55280GN,Juliet Morales,"55 Railway Terrace, Kings Langley,WD4 8JB",Delhi,New delhi,110076
02-02-2021,54858DY,Kaley Baldwin,"6 Kendal Rise, Leeds,LS3 1NW",Karnatka,Banglore,560076
07-11-2020,24993JC,Kane Cantrell,"1 Fern Cottage, Fownhope,HR1 4PG",Mumbai,Maharashtra,400012
13-02-2020,48826LI,Emilie Vaughan,"48 Westbourne Avenue, Clevedon,BS21 7XZ",Mumbai,Maharashtra,400056
10-11-2020,53928RG,Alisson Mccarthy,"20 Nansen Street, Stretford,M32 0JG",Uttarpradesh,Lucknow,226014
21-01-2021,58142LR,Rose Bates,"Flat 53, Riverside Apartments, Goodchild Road, London,N4 2BA",Banglore,Banglore,560017
19-06-2020,42784EY,Eliezer Giles,"43 Beechwood Avenue, Richmond,TW9 4DD",Delhi,Saket,110017
08-10-2020,76290LS,Chandler Valentine,"53 Malvern Way, Hemel Hempstead,HP2 5RA",Banglore,Banglore,560055
17-03-2020,72999OK,Jakobe Weber,"Flat 8, Great Eastern Court, Woodberry Way, Walton On The Naze,CO14 8DD",Mumbai,Maharashtra,411001
15-05-2021,66478AY,Alejandra Nelson,"The Long House, Scarrowmanwick, Croglin,CA4 9SE",Vellore,Tamilnadu,632004
02-02-2020,84883YN,Troy Gillespie,"12 Allenby Close, Poole,BH17 7JW",Gorimedu,Puducherry,605006
23-01-2020,83270YM,Alyvia Oneal,"Flat 9 Block F, Peabody Buildings, Herbrand Street, London,WC1N 1JF",Telangana,Hyderabad,500081
17-11-2020,66509CS,Clayton Braun,"63 London Road, London,E13 0DF",Faridabad,Faridabad,201301
04-06-2021,77684CZ,Joshua Cameron,"15 Ash Grove, London,N13 5AB",Chandigargh,Chandigarh,160012
20-04-2021,61678QJ,Eden Patrick,"6 Severn Court, Andover,SP10 5EU",Delhi,New delhi,110024
28-01-2021,41779VV,Sullivan Hill,"16A Church Street, Clowne,S43 4JS",Haryana,Gurgoan,122001
25-02-2021,89438TV,Ashanti Herman,"22 Falcons Way, Shrewsbury,SY3 8ZE",Chennai,Tamilnadu,600006
24-02-2021,85763YN,Shane Guerrero,"28 The Sycamores, Basildon,SS13 2ET",Delhi,New delhi,110025
18-11-2020,22891LC,Gauge Fuller,"285 Bolton Road, Radcliffe,M26 3QP",Delhi,New delhi,110076
,,,,,,
